ID,createdAt,createdBy,modifiedAt,modifiedBy,validFrom,validTo,clientId,status,expiresAt,lastUsed,sessionId,ip,subject_ID,actor_ID
6a0a356f-7372-4022-ba42-3047a97c5fd7,Sat Oct 05 2024 05:52:16 GMT+0300 (Israel Daylight Time),Lolita_Harvey,Thu Sep 18 2025 08:20:14 GMT+0300 (Israel Daylight Time),Cedric Rodriguez,Sat Jul 11 2026 06:29:20 GMT+0300 (Israel Daylight Time),Mon Oct 13 2025 15:06:04 GMT+0300 (Israel Daylight Time),pesky-thrift.info,active,Fri Jul 03 2026 22:44:56 GMT+0300 (Israel Daylight Time),Thu Sep 18 2025 13:13:36 GMT+0300 (Israel Daylight Time),60102947-207d-4cda-95a8-489b89d89f67,52.69.164.11,1abc658f-8da8-4046-a9fa-860dc4520ca8,7fabc91e-0114-433c-b6df-ee7e85deebbc
ba3be0d9-fa7d-4af5-aeb8-27ac01b57f2b,Mon Jul 14 2025 20:58:43 GMT+0300 (Israel Daylight Time),Anjali69,Thu Sep 18 2025 04:14:36 GMT+0300 (Israel Daylight Time),Dr. Whitney Ryan-Hamill,Wed Jan 08 2025 11:45:27 GMT+0200 (Israel Standard Time),Thu Dec 12 2024 23:22:37 GMT+0200 (Israel Standard Time),brisk-water.net,expired,Mon Jan 05 2026 02:27:17 GMT+0200 (Israel Standard Time),Thu Sep 18 2025 19:08:07 GMT+0300 (Israel Daylight Time),7dbfb941-af59-4615-97fb-156da1a21c5d,105.105.178.72,2149c3a9-6f2e-432c-8145-fbe11589c93e,624a92a4-6868-4bd9-9c30-f27fe513e7c9
af03c13d-d5ff-425b-b49e-985efd499037,Tue Oct 22 2024 09:35:17 GMT+0300 (Israel Daylight Time),Hazel.Brekke,Thu Sep 18 2025 21:00:54 GMT+0300 (Israel Daylight Time),Jamie Rippin-Bailey,Fri Aug 21 2026 13:44:16 GMT+0300 (Israel Daylight Time),Sun Jul 13 2025 11:09:56 GMT+0300 (Israel Daylight Time),cheerful-query.info,revoked v,Thu Aug 27 2026 12:04:34 GMT+0300 (Israel Daylight Time),Thu Sep 18 2025 14:13:28 GMT+0300 (Israel Daylight Time),0f13968d-3d85-4211-9769-b285a742274d,93.109.192.207  ,2149c3a9-6f2e-432c-8145-fbe11589c93e,624a92a4-6868-4bd9-9c30-f27fe513e7c9
57a70352-3b12-4691-aedc-62b9be9d0aad,Wed Apr 16 2025 11:10:28 GMT+0300 (Israel Daylight Time),Madelyn41,Thu Sep 18 2025 23:09:18 GMT+0300 (Israel Daylight Time),Lee Schroeder,Sun Aug 30 2026 11:38:10 GMT+0300 (Israel Daylight Time),Mon Nov 18 2024 23:37:47 GMT+0200 (Israel Standard Time),corrupt-valuable.name,active,Sat Mar 07 2026 19:25:35 GMT+0200 (Israel Standard Time),Thu Sep 18 2025 14:06:05 GMT+0300 (Israel Daylight Time),678bc409-d224-469e-bd4e-c61fc73ae81a,140.123.109.229, be52e396-678c-4dbe-9475-97cbdbad31ce,7120d1e6-8214-4161-8a69-219d9747d8f5
ba33eb7d-d6d1-41d3-8f77-2339438f526b,Thu Mar 13 2025 20:50:08 GMT+0200 (Israel Standard Time),Antoinette.Pagac94,Thu Sep 18 2025 16:18:47 GMT+0300 (Israel Daylight Time),Stephen Schiller,Thu May 22 2025 19:49:59 GMT+0300 (Israel Daylight Time),Sat Mar 14 2026 15:41:43 GMT+0200 (Israel Standard Time),sugary-composite.net,active,Fri Oct 17 2025 17:15:23 GMT+0300 (Israel Daylight Time),Thu Sep 18 2025 13:59:03 GMT+0300 (Israel Daylight Time),700a11b5-8980-42d6-9611-d274f1722b5a,57.145.57.81, 2a163a36-9bc9-4a4f-9668-5f36519065d6,06921c1e-2b37-4740-9cdb-069b0eb4c16d
75fe6000-39e8-482f-a894-95260cd7afee,Tue Jun 03 2025 15:44:57 GMT+0300 (Israel Daylight Time),Bethel_Cummings58,Thu Sep 18 2025 14:56:54 GMT+0300 (Israel Daylight Time),George Keeling,Thu Jul 09 2026 05:39:43 GMT+0300 (Israel Daylight Time),Thu Sep 10 2026 11:06:07 GMT+0300 (Israel Daylight Time),irresponsible-throne.biz,active,Tue Aug 04 2026 17:03:45 GMT+0300 (Israel Daylight Time),Fri Sep 19 2025 00:54:16 GMT+0300 (Israel Daylight Time),4645c666-e877-4d52-ae78-4e1f7fbb77d6,214.10.70.190, 2a163a36-9bc9-4a4f-9668-5f36519065d6,06921c1e-2b37-4740-9cdb-069b0eb4c16d
f2c67863-6e10-4c46-be76-319f2fc1d7f7,Sat Apr 05 2025 13:23:20 GMT+0300 (Israel Daylight Time),Violette.Schoen,Thu Sep 18 2025 19:26:55 GMT+0300 (Israel Daylight Time),Lois Parker III,Mon Jan 05 2026 09:21:12 GMT+0200 (Israel Standard Time),Thu Dec 11 2025 11:53:55 GMT+0200 (Israel Standard Time),angelic-poet.biz,expired,Wed Feb 04 2026 06:18:04 GMT+0200 (Israel Standard Time),Thu Sep 18 2025 10:15:14 GMT+0300 (Israel Daylight Time),48c18e70-288a-43e1-9b83-a4671cf188eb,178.173.110.144,170f01de-8502-4eba-9d87-7e6432a39c3e,eee98c42-ea03-4a29-8b0b-0bbdb43f4a48
45e82788-73a9-4261-85ef-549defe46520,Wed Jul 30 2025 22:09:50 GMT+0300 (Israel Daylight Time),Lily_Hudson,Thu Sep 18 2025 12:34:29 GMT+0300 (Israel Daylight Time),Kenny Bechtelar,Fri Jun 26 2026 21:28:38 GMT+0300 (Israel Daylight Time),Tue Nov 19 2024 23:02:56 GMT+0200 (Israel Standard Time),idealistic-depth.name,expired,Sat Oct 25 2025 12:03:29 GMT+0300 (Israel Daylight Time),Thu Sep 18 2025 13:33:46 GMT+0300 (Israel Daylight Time),33d0b2c5-e9e3-4542-873b-8f3536431b8d,222.196.84.80, 2a163a36-9bc9-4a4f-9668-5f36519065d6,06921c1e-2b37-4740-9cdb-069b0eb4c16d
7f6177a8-bcc8-4043-822c-032ff9280939,Tue Oct 15 2024 21:31:50 GMT+0300 (Israel Daylight Time),Aleen_Kris,Thu Sep 18 2025 22:05:32 GMT+0300 (Israel Daylight Time),Vicky Bernhard,Sun Feb 08 2026 07:06:04 GMT+0200 (Israel Standard Time),Sat Apr 19 2025 10:45:20 GMT+0300 (Israel Daylight Time),probable-cushion.biz,revoked,Thu Aug 20 2026 10:29:00 GMT+0300 (Israel Daylight Time),Thu Sep 18 2025 05:15:57 GMT+0300 (Israel Daylight Time),3e47be7d-a48a-4a6e-a2f5-b66cb98c1dca,251.47.222.250, 170f01de-8502-4eba-9d87-7e6432a39c3e,eee98c42-ea03-4a29-8b0b-0bbdb43f4a48
56c086f5-cd36-4e4b-8e58-4c7e036a308a,Sun Jan 26 2025 02:00:26 GMT+0200 (Israel Standard Time),Evans.Olson88,Thu Sep 18 2025 16:27:27 GMT+0300 (Israel Daylight Time),Ronnie Langworth,Mon Mar 23 2026 14:49:54 GMT+0200 (Israel Standard Time),Sun Mar 29 2026 22:53:07 GMT+0300 (Israel Daylight Time),starchy-orchid.name,active,Sun Jul 05 2026 02:15:12 GMT+0300 (Israel Daylight Time),Thu Sep 18 2025 20:30:10 GMT+0300 (Israel Daylight Time),df4c3987-c146-48a8-b8f3-35186d63e504,126.114.92.157, 7120d1e6-8214-4161-8a69-219d9747d8f5,7120d1e6-8214-4161-8a69-219d9747d8f5
86b1dba7-6d7d-4836-965e-70e4111e7a01,Fri Nov 01 2024 10:52:40 GMT+0200 (Israel Standard Time),Rhiannon_Carroll,Thu Sep 18 2025 19:00:39 GMT+0300 (Israel Daylight Time),Silvia Sanford,Sat Feb 01 2025 09:33:18 GMT+0200 (Israel Standard Time),Thu Dec 25 2025 02:45:37 GMT+0200 (Israel Standard Time),growing-spot.net,active ,Thu Oct 23 2025 23:22:45 GMT+0300 (Israel Daylight Time),Thu Sep 18 2025 18:21:19 GMT+0300 (Israel Daylight Time),90a2833f-a9ac-4531-a245-f26a3201cdec,167.88.143.90, 170f01de-8502-4eba-9d87-7e6432a39c3e,eee98c42-ea03-4a29-8b0b-0bbdb43f4a48
bae65b32-28d3-4b91-9a74-458c8c767674,Wed Dec 11 2024 14:49:38 GMT+0200 (Israel Standard Time),Robb.Wehner,Thu Sep 18 2025 13:15:30 GMT+0300 (Israel Daylight Time),Frances Graham,Thu Dec 11 2025 21:45:07 GMT+0200 (Israel Standard Time),Sun Jun 15 2025 16:38:09 GMT+0300 (Israel Daylight Time),milky-lumberman.org,active,Fri Sep 26 2025 04:54:23 GMT+0300 (Israel Daylight Time),Thu Sep 18 2025 05:26:16 GMT+0300 (Israel Daylight Time),1bb2e840-79e5-45b6-a408-fbacbb089429,67.192.192.242, 170f01de-8502-4eba-9d87-7e6432a39c3e,eee98c42-ea03-4a29-8b0b-0bbdb43f4a48
ef609493-9201-46ad-8844-d5d7cd63a11c,Fri May 30 2025 04:26:40 GMT+0300 (Israel Daylight Time),Cielo99,Thu Sep 18 2025 18:36:50 GMT+0300 (Israel Daylight Time),Lillian Marquardt,Mon Mar 23 2026 18:02:01 GMT+0200 (Israel Standard Time),Sat Aug 08 2026 23:20:46 GMT+0300 (Israel Daylight Time),flat-sprat.org,active,Thu May 14 2026 16:05:33 GMT+0300 (Israel Daylight Time),Thu Sep 18 2025 20:36:58 GMT+0300 (Israel Daylight Time),fa34882f-ee9a-4f0d-8119-e27f033d2ea6,230.153.15.120, 170f01de-8502-4eba-9d87-7e6432a39c3e,7fabc91e-0114-433c-b6df-ee7e85deebbc
01eed0b9-aa58-4d38-b46c-4ade8f00abd2,Mon May 12 2025 07:37:45 GMT+0300 (Israel Daylight Time),Elvera.Aufderhar15,Fri Sep 19 2025 02:40:30 GMT+0300 (Israel Daylight Time),Terrence Crist,Fri Sep 18 2026 08:22:00 GMT+0300 (Israel Daylight Time),Wed Nov 05 2025 19:42:43 GMT+0200 (Israel Standard Time),bumpy-smoke.com,expired,Tue May 05 2026 03:09:22 GMT+0300 (Israel Daylight Time),Thu Sep 18 2025 14:59:39 GMT+0300 (Israel Daylight Time),5ae8547a-2067-4248-bbd9-539510e23792,227.108.67.18,2a163a36-9bc9-4a4f-9668-5f36519065d6,7fabc91e-0114-433c-b6df-ee7e85deebbc
b21a80fb-b4b2-42ef-952c-b79855d65aee,Tue Sep 09 2025 22:35:17 GMT+0300 (Israel Daylight Time),Sydnee.Beatty,Thu Sep 18 2025 04:53:21 GMT+0300 (Israel Daylight Time),Ben Quitzon,Sun Jan 19 2025 00:49:42 GMT+0200 (Israel Standard Time),Tue Jun 09 2026 16:41:27 GMT+0300 (Israel Daylight Time),starry-familiar.info,revoked,Mon Sep 14 2026 22:20:29 GMT+0300 (Israel Daylight Time),Thu Sep 18 2025 17:30:41 GMT+0300 (Israel Daylight Time),e2b41f3d-edee-448a-a444-999f4a81eb2b,155.218.226.239,2149c3a9-6f2e-432c-8145-fbe11589c93e, 7fabc91e-0114-433c-b6df-ee7e85deebbc
b55815cd-bcfc-4249-a229-a937f7a654b1,Mon Apr 21 2025 13:04:19 GMT+0300 (Israel Daylight Time),Sydnee64,Thu Sep 18 2025 15:20:16 GMT+0300 (Israel Daylight Time),Daniel Berge PhD,Fri Aug 14 2026 07:07:07 GMT+0300 (Israel Daylight Time),Tue Oct 14 2025 08:16:14 GMT+0300 (Israel Daylight Time),third-world.com,revoked,Sun Oct 12 2025 02:04:06 GMT+0300 (Israel Daylight Time),Fri Sep 19 2025 01:05:26 GMT+0300 (Israel Daylight Time),c422cf99-c080-4a42-ada9-238299d3a57c,160.12.220.90
9094e418-434e-4d0a-a677-b155485ed533,Sun Aug 17 2025 22:54:13 GMT+0300 (Israel Daylight Time),Delores83,Thu Sep 18 2025 10:05:47 GMT+0300 (Israel Daylight Time),Mike Kunze,Sun Feb 09 2025 10:59:01 GMT+0200 (Israel Standard Time),Thu Jun 19 2025 08:44:03 GMT+0300 (Israel Daylight Time),wealthy-cornerstone.com,revoked,Tue Sep 23 2025 09:36:02 GMT+0300 (Israel Daylight Time),Fri Sep 19 2025 01:52:44 GMT+0300 (Israel Daylight Time),944fd3f3-40f2-49da-a71a-dff44c47d20b,25.248.197.137
e65091e8-583c-44ee-ba6f-9e05fb5cd8cc,Sat Aug 09 2025 15:02:39 GMT+0300 (Israel Daylight Time),Rocky14,Thu Sep 18 2025 05:24:49 GMT+0300 (Israel Daylight Time),Virginia Cruickshank,Tue Nov 05 2024 14:39:13 GMT+0200 (Israel Standard Time),Sat Jun 20 2026 22:44:49 GMT+0300 (Israel Daylight Time),wavy-drainage.biz,noticed,Mon Dec 15 2025 21:37:31 GMT+0200 (Israel Standard Time),Thu Sep 18 2025 04:22:05 GMT+0300 (Israel Daylight Time),3a0e0576-c2a8-48fc-8118-168d9433fb13,136.27.109.28
1b0464f4-10e0-4498-bd2a-ac6d2ce0d868,Sat Nov 30 2024 07:58:31 GMT+0200 (Israel Standard Time),Terrell.Treutel,Thu Sep 18 2025 13:27:27 GMT+0300 (Israel Daylight Time),Bradley Conroy IV,Thu Jun 25 2026 03:36:43 GMT+0300 (Israel Daylight Time),Mon Sep 08 2025 08:48:20 GMT+0300 (Israel Daylight Time),bare-dad.biz,created,Fri Dec 19 2025 23:24:37 GMT+0200 (Israel Standard Time),Thu Sep 18 2025 22:57:30 GMT+0300 (Israel Daylight Time),3cbb347d-98ed-492f-9005-bc3d9d620b59,41.7.241.245, 170f01de-8502-4eba-9d87-7e6432a39c3e,eee98c42-ea03-4a29-8b0b-0bbdb43f4a48
82003128-94ab-4ea6-83ea-af5868fb3fde,Sat Feb 22 2025 13:02:04 GMT+0200 (Israel Standard Time),Reta82,Thu Sep 18 2025 23:50:02 GMT+0300 (Israel Daylight Time),Harry Cassin,Wed Jun 11 2025 18:16:50 GMT+0300 (Israel Daylight Time),Sun Mar 09 2025 06:04:54 GMT+0200 (Israel Standard Time),dim-unit.info,noticed,Sun Apr 05 2026 02:18:27 GMT+0300 (Israel Daylight Time),Thu Sep 18 2025 06:55:53 GMT+0300 (Israel Daylight Time),8b137e84-146f-4f78-ba8c-244af667329d,121.251.121.23, 170f01de-8502-4eba-9d87-7e6432a39c3e,eee98c42-ea03-4a29-8b0b-0bbdb43f4a48
0a76c945-a405-4bbe-87e5-30cafb4e0ca4,Sun Oct 13 2024 19:32:03 GMT+0300 (Israel Daylight Time),Retha21,Thu Sep 18 2025 04:10:10 GMT+0300 (Israel Daylight Time),Sandra Howell,Sat Dec 07 2024 06:43:31 GMT+0200 (Israel Standard Time),Mon Jan 20 2025 17:27:22 GMT+0200 (Israel Standard Time),creative-publisher.name,active,Tue Nov 11 2025 01:59:57 GMT+0200 (Israel Standard Time),Fri Sep 19 2025 01:40:05 GMT+0300 (Israel Daylight Time),405c9b01-b9b6-428b-87ee-679957763af0,97.117.123.74
580886b3-a484-467c-90e9-2daa1d74d694,Wed Aug 13 2025 05:51:28 GMT+0300 (Israel Daylight Time),Brooks14,Fri Sep 19 2025 00:10:47 GMT+0300 (Israel Daylight Time),Gregg Douglas,Sun May 18 2025 01:21:45 GMT+0300 (Israel Daylight Time),Sun Jul 05 2026 14:57:35 GMT+0300 (Israel Daylight Time),salty-sovereignty.org,noticed,Sat Sep 27 2025 11:26:54 GMT+0300 (Israel Daylight Time),Thu Sep 18 2025 21:42:52 GMT+0300 (Israel Daylight Time),ea60fc7e-041d-42cc-9100-00aa6dcec347,65.183.38.87, 170f01de-8502-4eba-9d87-7e6432a39c3e,eee98c42-ea03-4a29-8b0b-0bbdb43f4a48
cae712bb-c17b-4c10-96ea-ce4728ca34da,Sat Jan 18 2025 06:53:29 GMT+0200 (Israel Standard Time),Ena52,Thu Sep 18 2025 19:07:00 GMT+0300 (Israel Daylight Time),Gilberto West,Wed Jul 22 2026 19:34:54 GMT+0300 (Israel Daylight Time),Fri May 29 2026 21:02:44 GMT+0300 (Israel Daylight Time),wiry-mole.com,created,Thu Nov 06 2025 08:10:59 GMT+0200 (Israel Standard Time),Thu Sep 18 2025 11:41:50 GMT+0300 (Israel Daylight Time),446881cd-2e2d-47b5-8b3a-353dad97942e,86.125.137.128, 170f01de-8502-4eba-9d87-7e6432a39c3e,eee98c42-ea03-4a29-8b0b-0bbdb43f4a48
f3eb6048-8d9b-4c9c-994a-916204a91c1d,Thu Feb 06 2025 06:46:59 GMT+0200 (Israel Standard Time),Stacy_McLaughlin26,Thu Sep 18 2025 06:56:36 GMT+0300 (Israel Daylight Time),Otis Stoltenberg,Fri Dec 12 2025 10:41:23 GMT+0200 (Israel Standard Time),Thu Jan 30 2025 19:11:23 GMT+0200 (Israel Standard Time),tempting-garlic.com,created,Mon Oct 06 2025 18:32:24 GMT+0300 (Israel Daylight Time),Thu Sep 18 2025 12:16:47 GMT+0300 (Israel Daylight Time),7439466c-ee37-4166-a492-edf8cb4261e8,3.219.4.74,2149c3a9-6f2e-432c-8145-fbe11589c93e,7120d1e6-8214-4161-8a69-219d9747d8f5
c5393ab3-da97-425b-8281-612aac396bfd,Tue Apr 08 2025 15:03:35 GMT+0300 (Israel Daylight Time),Eladio_Bartoletti,Thu Sep 18 2025 06:21:21 GMT+0300 (Israel Daylight Time),Melody Grady,Tue Jul 21 2026 02:25:39 GMT+0300 (Israel Daylight Time),Sun Jan 25 2026 17:42:04 GMT+0200 (Israel Standard Time),useful-worth.net,created,Sat Sep 05 2026 05:32:41 GMT+0300 (Israel Daylight Time),Fri Sep 19 2025 00:18:09 GMT+0300 (Israel Daylight Time),423d4af9-39d5-42db-aa28-79bbdc6ec145,47.216.105.134,2a163a36-9bc9-4a4f-9668-5f36519065d6,7120d1e6-8214-4161-8a69-219d9747d8f5
a1983366-08df-4f37-be0c-8630386e070c,Mon Jan 27 2025 04:58:47 GMT+0200 (Israel Standard Time),Sydnie_Goyette12,Fri Sep 19 2025 00:44:15 GMT+0300 (Israel Daylight Time),Donald Herman DDS,Mon Sep 30 2024 13:59:58 GMT+0300 (Israel Daylight Time),Sat Jan 10 2026 22:18:33 GMT+0200 (Israel Standard Time),aware-uniformity.net,created,Wed Jul 29 2026 18:44:27 GMT+0300 (Israel Daylight Time),Thu Sep 18 2025 09:19:37 GMT+0300 (Israel Daylight Time),2c3a3fa5-6eb5-468d-93ec-723e040181ab,26.43.104.15, 170f01de-8502-4eba-9d87-7e6432a39c3e,eee98c42-ea03-4a29-8b0b-0bbdb43f4a48
